index,encoder1,encoder2,turn angle degrees,ms,mA
1.0,0.0,0.0,0.0,0.0,1448.1
1.0,3.0,3.0,0.0,7.0,17.7
1.0,13.0,13.0,0.0,13.0,17.5
1.0,27.0,28.0,0.0,20.0,17.0
1.0,41.0,51.0,0.0,30.0,19.8
1.0,56.0,69.0,0.0,40.0,20.6
1.0,76.0,91.0,0.0,50.0,23.5
1.0,94.0,119.0,0.0,60.0,32.0
1.0,120.0,149.0,0.0,71.0,65.3
1.0,156.0,186.0,0.0,81.0,274.2
1.0,196.0,229.0,0.0,91.0,629.0
1.0,240.0,269.0,0.0,101.0,839.8
1.0,287.0,313.0,0.0,112.0,1102.6
1.0,337.0,362.0,0.0,122.0,1450.3
1.0,388.0,410.0,0.0,131.0,1287.5
1.0,439.0,459.0,0.0,141.0,18.4
1.0,492.0,515.0,0.0,152.0,17.9
1.0,548.0,576.0,0.0,162.0,19.5
1.0,607.0,639.0,0.0,172.0,24.9
1.0,666.0,703.0,0.0,182.0,48.3
1.0,728.0,766.0,0.0,192.0,169.7
1.0,792.0,832.0,0.0,203.0,438.5
1.0,858.0,900.0,0.0,213.0,654.2
1.0,928.0,970.0,0.0,223.0,938.6
1.0,1000.0,1037.0,0.0,233.0,1103.5
1.0,1074.0,1107.0,0.0,243.0,1206.5
1.0,1150.0,1182.0,0.0,253.0,1003.4
1.0,1229.0,1260.0,0.0,263.0,796.3
1.0,1308.0,1337.0,0.0,273.0,633.7
1.0,1384.0,1417.0,0.0,284.0,453.9
1.0,1460.0,1498.0,0.0,294.0,307.0
1.0,1544.0,1583.0,0.0,304.0,160.5
1.0,1628.0,1668.0,0.0,314.0,72.3
1.0,1712.0,1755.0,0.0,325.0,26.6
1.0,1799.0,1846.0,0.0,335.0,11.9
1.0,1892.0,1940.0,0.0,344.0,12.8
1.0,1984.0,2031.0,0.0,354.0,13.9
1.0,2075.0,2123.0,0.0,365.0,15.1
1.0,2168.0,2218.0,0.0,375.0,15.3
1.0,2262.0,2312.0,0.0,385.0,16.9
1.0,2356.0,2407.0,0.0,395.0,20.8
1.0,2454.0,2507.0,0.0,405.0,26.3
1.0,2555.0,2607.0,0.0,416.0,56.8
1.0,2654.0,2710.0,0.0,426.0,85.0
1.0,2756.0,2814.0,0.0,436.0,27.2
1.0,2859.0,2916.0,0.0,446.0,11.5
1.0,2962.0,3019.0,0.0,456.0,10.4
1.0,3068.0,3126.0,0.0,466.0,12.6
1.0,3176.0,3232.0,0.0,476.0,13.6
1.0,3282.0,3339.0,0.0,486.0,12.9
1.0,3390.0,3449.0,0.0,497.0,15.6
1.0,3499.0,3559.0,0.0,507.0,17.7
1.0,3608.0,3671.0,0.0,517.0,22.4
1.0,3717.0,3781.0,0.0,527.0,45.8
1.0,3827.0,3894.0,0.0,538.0,171.5
1.0,3938.0,4009.0,0.0,548.0,401.8
1.0,4052.0,4122.0,0.0,557.0,633.2
1.0,4166.0,4235.0,0.0,567.0,741.2
1.0,4282.0,4354.0,0.0,578.0,842.1
1.0,4398.0,4471.0,0.0,588.0,1023.2
1.0,4512.0,4587.0,0.0,598.0,939.2
1.0,4628.0,4706.0,0.0,608.0,654.3
1.0,4748.0,4827.0,0.0,618.0,485.5
1.0,4868.0,4948.0,0.0,629.0,346.9
1.0,4990.0,5070.0,0.0,639.0,250.4
1.0,5112.0,5193.0,0.0,649.0,133.8
1.0,5232.0,5314.0,0.0,659.0,51.1
1.0,5355.0,5436.0,0.0,669.0,13.9
1.0,5481.0,5561.0,0.0,679.0,11.3
1.0,5608.0,5686.0,0.0,689.0,11.5
1.0,5732.0,5813.0,0.0,699.0,915.8
1.0,5860.0,5940.0,0.0,710.0,768.7
1.0,5992.0,6070.0,0.0,720.0,677.0
1.0,6124.0,6199.0,0.0,730.0,525.3
1.0,6256.0,6329.0,0.0,740.0,386.7
1.0,6386.0,6460.0,0.0,751.0,253.3
1.0,6516.0,6591.0,0.0,761.0,146.1
1.0,6648.0,6723.0,0.0,770.0,62.3
1.0,6780.0,6857.0,0.0,780.0,22.2
1.0,6910.0,6991.0,0.0,791.0,11.1
1.0,7042.0,7125.0,0.0,801.0,11.1
1.0,7176.0,7259.0,0.0,811.0,11.3
1.0,7312.0,7395.0,0.0,821.0,12.7
1.0,7444.0,7531.0,0.0,831.0,16.0
1.0,7578.0,7667.0,0.0,842.0,14.8
1.0,7712.0,7802.0,0.0,852.0,14.1
1.0,7848.0,7941.0,0.0,862.0,23.9
1.0,7988.0,8081.0,0.0,872.0,46.4
1.0,8126.0,8221.0,0.0,882.0,191.4
1.0,8262.0,8358.0,0.0,892.0,390.3
1.0,8402.0,8497.0,0.0,902.0,561.5
1.0,8544.0,8639.0,0.0,912.0,742.2
1.0,8686.0,8781.0,0.0,923.0,827.7
1.0,8828.0,8920.0,0.0,933.0,868.8
1.0,8968.0,9059.0,0.0,943.0,678.8
1.0,9112.0,9202.0,0.0,953.0,592.5
1.0,9256.0,9346.0,0.0,964.0,446.1
1.0,9399.0,9490.0,0.0,974.0,20.0
1.0,9540.0,9636.0,0.0,983.0,38.2
1.0,9682.0,9783.0,0.0,993.0,139.8
1.0,9824.0,9930.0,0.0,1004.0,341.4
1.0,9968.0,10075.0,0.0,1014.0,16.4
1.0,10112.0,10219.0,0.0,1024.0,10.5
1.0,10252.0,10364.0,0.0,1034.0,11.2
1.0,10396.0,10510.0,0.0,1044.0,13.1
1.0,10540.0,10656.0,0.0,1055.0,12.0
1.0,10684.0,10805.0,0.0,1065.0,13.2
1.0,10828.0,10955.0,0.0,1075.0,14.5
1.0,10975.0,11105.0,0.0,1085.0,342.5
1.0,11124.0,11255.0,0.0,1095.0,208.5
1.0,11270.0,11403.0,0.0,1105.0,108.9
1.0,11414.0,11553.0,0.0,1115.0,49.6
1.0,11560.0,11703.0,0.0,1125.0,18.3
1.0,11709.0,11856.0,0.0,1136.0,9.8
1.0,11860.0,12011.0,0.0,1146.0,10.7
1.0,12012.0,12167.0,0.0,1156.0,11.4
1.0,12162.0,12319.0,0.0,1166.0,11.5
1.0,12315.0,12473.0,0.0,1177.0,12.5
1.0,12467.0,12626.0,0.0,1187.0,14.2
1.0,12616.0,12781.0,0.0,1196.0,17.2
1.0,12766.0,12935.0,0.0,1206.0,22.3
1.0,12920.0,13091.0,0.0,1216.0,54.2
1.0,13074.0,13244.0,0.0,1227.0,203.6
1.0,13225.0,13399.0,0.0,1237.0,378.7
1.0,13378.0,13552.0,0.0,1247.0,572.7
1.0,13535.0,13707.0,0.0,1257.0,728.5
1.0,13688.0,13863.0,0.0,1268.0,740.6
1.0,13842.0,14021.0,0.0,1278.0,814.1
1.0,13998.0,14178.0,0.0,1288.0,686.9
1.0,14155.0,14335.0,0.0,1297.0,507.8
1.0,14310.0,14492.0,0.0,1308.0,411.2
1.0,14464.0,14649.0,0.0,1318.0,294.7
1.0,14621.0,14807.0,0.0,1328.0,156.6
1.0,14778.0,14967.0,0.0,1338.0,85.7
1.0,14934.0,15128.0,0.0,1349.0,32.3
1.0,15094.0,15287.0,0.0,1359.0,11.3
1.0,15256.0,15447.0,0.0,1369.0,10.4
1.0,15417.0,15607.0,0.0,1379.0,10.8
1.0,15575.0,15767.0,0.0,1390.0,8.7
1.0,15732.0,15927.0,0.0,1400.0,641.6
1.0,15892.0,16088.0,0.0,1409.0,577.5
1.0,16052.0,16248.0,0.0,1419.0,441.9
1.0,16209.0,16410.0,0.0,1429.0,295.8
1.0,16368.0,16571.0,0.0,1440.0,197.6
1.0,16529.0,16734.0,0.0,1450.0,94.4
1.0,16688.0,16899.0,0.0,1460.0,45.4
1.0,16850.0,17063.0,0.0,1470.0,15.1
1.0,17012.0,17227.0,0.0,1481.0,12.3
1.0,17176.0,17389.0,0.0,1491.0,10.8
1.0,17336.0,17550.0,0.0,1501.0,7.9
1.0,17497.0,17712.0,0.0,1510.0,11.5
1.0,17662.0,17874.0,0.0,1521.0,12.2
1.0,17828.0,18038.0,0.0,1531.0,12.8
1.0,1474.0,1636.0,0.0,0.0,408.8
1.0,1476.0,1637.0,0.0,6.0,325.9
1.0,1484.0,1645.0,0.0,12.0,535.8
1.0,1498.0,1657.0,0.0,19.0,98.9
1.0,1523.0,1668.0,0.0,28.0,18.1
1.0,1542.0,1682.0,0.0,38.0,17.7
1.0,1550.0,1709.0,0.0,49.0,18.2
1.0,1568.0,1728.0,0.0,59.0,19.1
1.0,1600.0,1753.0,0.0,69.0,21.3
1.0,1630.0,1788.0,0.0,79.0,20.7
1.0,1662.0,1820.0,0.0,90.0,869.1
1.0,1708.0,1859.0,0.0,100.0,605.9
1.0,1753.0,1900.0,0.0,110.0,358.3
1.0,1794.0,1944.0,0.0,120.0,178.6
1.0,1838.0,1989.0,0.0,131.0,72.0
1.0,1886.0,2040.0,0.0,140.0,17.5
1.0,1938.0,2092.0,0.0,150.0,15.4
1.0,1993.0,2147.0,0.0,160.0,13.6
1.0,2048.0,2204.0,0.0,171.0,16.3
1.0,2106.0,2265.0,0.0,181.0,16.8
1.0,2165.0,2327.0,0.0,191.0,15.2
1.0,2225.0,2389.0,0.0,201.0,19.7
1.0,2288.0,2450.0,0.0,211.0,24.7
1.0,2354.0,2516.0,0.0,222.0,43.2
1.0,2422.0,2585.0,0.0,232.0,145.0
1.0,2491.0,2659.0,0.0,241.0,412.0
1.0,2562.0,2731.0,0.0,251.0,617.8
1.0,2636.0,2801.0,0.0,262.0,870.5
1.0,2712.0,2877.0,0.0,272.0,1045.6
1.0,2786.0,2956.0,0.0,282.0,1091.9
1.0,2862.0,3034.0,0.0,292.0,1049.9
1.0,2942.0,3113.0,0.0,303.0,863.0
1.0,3025.0,3192.0,0.0,313.0,623.6
1.0,3106.0,3274.0,0.0,323.0,463.6
1.0,3190.0,3358.0,0.0,333.0,32.6
1.0,3278.0,3444.0,0.0,344.0,101.8
1.0,3366.0,3530.0,0.0,353.0,334.8
1.0,3454.0,3617.0,0.0,363.0,546.2
1.0,3542.0,3704.0,0.0,373.0,853.0
1.0,3634.0,3795.0,0.0,384.0,953.8
1.0,3726.0,3889.0,0.0,394.0,1071.9
1.0,3818.0,3983.0,0.0,404.0,1014.7
1.0,3910.0,4076.0,0.0,414.0,780.6
1.0,4005.0,4173.0,0.0,424.0,678.5
1.0,4100.0,4270.0,0.0,435.0,465.3
1.0,4197.0,4366.0,0.0,445.0,329.2
1.0,4294.0,4464.0,0.0,454.0,183.5
1.0,4392.0,4563.0,0.0,464.0,93.4
1.0,4494.0,4665.0,0.0,475.0,29.5
1.0,4597.0,4769.0,0.0,485.0,11.8
1.0,4698.0,4873.0,0.0,495.0,15.0
1.0,4800.0,4976.0,0.0,505.0,12.6
1.0,4903.0,5081.0,0.0,516.0,13.7
1.0,5010.0,5188.0,0.0,526.0,15.4
1.0,5116.0,5295.0,0.0,536.0,15.4
1.0,5225.0,5405.0,0.0,546.0,18.0
1.0,5334.0,5514.0,0.0,557.0,22.5
1.0,5445.0,5625.0,0.0,566.0,41.1
1.0,5556.0,5737.0,0.0,576.0,157.6
1.0,5670.0,5849.0,0.0,586.0,39.3
1.0,5787.0,5963.0,0.0,597.0,14.0
1.0,5902.0,6077.0,0.0,607.0,11.3
1.0,6018.0,6193.0,0.0,617.0,12.2
1.0,6134.0,6311.0,0.0,627.0,12.7
1.0,6256.0,6427.0,0.0,637.0,13.4
1.0,6377.0,6545.0,0.0,648.0,14.7
1.0,6497.0,6665.0,0.0,658.0,15.4
1.0,6616.0,6786.0,0.0,667.0,19.9
1.0,6736.0,6908.0,0.0,677.0,32.0
1.0,6858.0,7032.0,0.0,688.0,100.5
1.0,6980.0,7155.0,0.0,698.0,341.5
1.0,7101.0,7279.0,0.0,708.0,536.4
1.0,7222.0,7402.0,0.0,718.0,677.2
1.0,7346.0,7527.0,0.0,729.0,793.3
1.0,7471.0,7651.0,0.0,739.0,920.8
1.0,7594.0,7776.0,0.0,749.0,841.8
1.0,7718.0,7902.0,0.0,759.0,737.3
1.0,7842.0,8028.0,0.0,770.0,572.3
1.0,7968.0,8153.0,0.0,779.0,431.2
1.0,8096.0,8280.0,0.0,789.0,259.5
1.0,8226.0,8409.0,0.0,799.0,150.8
1.0,8353.0,8540.0,0.0,809.0,72.0
1.0,8481.0,8671.0,0.0,820.0,24.8
1.0,8612.0,8801.0,0.0,830.0,11.0
1.0,8746.0,8933.0,0.0,840.0,11.3
1.0,8879.0,9068.0,0.0,850.0,11.9
1.0,9012.0,9202.0,0.0,861.0,813.1
1.0,9146.0,9333.0,0.0,871.0,677.3
1.0,9280.0,9465.0,0.0,880.0,541.9
1.0,9416.0,9601.0,0.0,890.0,394.4
1.0,9550.0,9735.0,0.0,901.0,260.7
1.0,9683.0,9870.0,0.0,911.0,158.5
1.0,9816.0,10003.0,0.0,921.0,79.7
1.0,9950.0,10139.0,0.0,931.0,32.8
1.0,10082.0,10277.0,0.0,942.0,10.9
1.0,10218.0,10415.0,0.0,952.0,11.0
1.0,10353.0,10552.0,0.0,962.0,11.1
1.0,10487.0,10690.0,0.0,972.0,9.1
1.0,10622.0,10828.0,0.0,982.0,12.8
1.0,10756.0,10968.0,0.0,992.0,15.4
1.0,10891.0,11107.0,0.0,1002.0,15.0
1.0,11029.0,11245.0,0.0,1012.0,19.8
1.0,11167.0,11384.0,0.0,1022.0,34.0
1.0,11306.0,11525.0,0.0,1033.0,107.1
1.0,11445.0,11667.0,0.0,1043.0,302.0
1.0,11583.0,11809.0,0.0,1053.0,497.0
1.0,11722.0,11951.0,0.0,1063.0,712.0
1.0,11862.0,12094.0,0.0,1074.0,812.7
1.0,12002.0,12237.0,0.0,1084.0,842.0
1.0,12145.0,12381.0,0.0,1093.0,773.8
1.0,12286.0,12524.0,0.0,1103.0,662.3
1.0,12428.0,12670.0,0.0,1114.0,472.7
1.0,12570.0,12813.0,0.0,1124.0,338.8
1.0,12714.0,12958.0,0.0,1134.0,230.7
1.0,12856.0,13105.0,0.0,1144.0,130.2
1.0,12998.0,13250.0,0.0,1155.0,58.0
1.0,13144.0,13395.0,0.0,1165.0,21.7
1.0,13289.0,13541.0,0.0,1175.0,10.3
1.0,13435.0,13689.0,0.0,1185.0,8.2
1.0,13580.0,13838.0,0.0,1196.0,10.9
1.0,13726.0,13985.0,0.0,1205.0,11.7
1.0,13874.0,14133.0,0.0,1215.0,11.2
1.0,14019.0,14282.0,0.0,1225.0,13.9
1.0,14166.0,14431.0,0.0,1235.0,19.0
1.0,14312.0,14579.0,0.0,1246.0,20.7
1.0,14458.0,14728.0,0.0,1256.0,158.9
1.0,14602.0,14879.0,0.0,1266.0,81.1
1.0,14750.0,15031.0,0.0,1276.0,27.6
1.0,14898.0,15180.0,0.0,1287.0,10.6
1.0,15047.0,15329.0,0.0,1297.0,10.8
1.0,15195.0,15479.0,0.0,1306.0,12.9
1.0,15344.0,15629.0,0.0,1316.0,11.5
1.0,15495.0,15778.0,0.0,1327.0,12.3
1.0,15646.0,15929.0,0.0,1337.0,14.2
1.0,15794.0,16079.0,0.0,1347.0,15.3
1.0,15942.0,16229.0,0.0,1357.0,20.1
1.0,16090.0,16379.0,0.0,1368.0,35.6
1.0,16242.0,16531.0,0.0,1378.0,125.2
1.0,16390.0,16684.0,0.0,1388.0,331.0
1.0,16540.0,16839.0,0.0,1398.0,459.3
1.0,16690.0,16992.0,0.0,1408.0,613.6
1.0,16840.0,17145.0,0.0,1418.0,816.7
1.0,16990.0,17297.0,0.0,1428.0,868.8
1.0,17140.0,17450.0,0.0,1438.0,705.7
1.0,17293.0,17602.0,0.0,1448.0,546.5
1.0,17446.0,17756.0,0.0,1459.0,462.9
1.0,17598.0,17912.0,0.0,1469.0,329.7
1.0,17753.0,18067.0,0.0,1479.0,210.4
1.0,17910.0,18220.0,0.0,1489.0,129.1
1.0,18068.0,18375.0,0.0,1500.0,50.2
1.0,18223.0,18531.0,0.0,1510.0,18.1
1.0,18380.0,18687.0,0.0,1519.0,13.4
1.0,18538.0,18842.0,0.0,1529.0,10.8
1.0,18694.0,18999.0,0.0,1540.0,11.0
1.0,18848.0,19156.0,0.0,1550.0,12.3
1.0,19004.0,19313.0,0.0,1560.0,587.6
1.0,1352.0,1542.0,0.0,1.0,1508.0
1.0,1354.0,1545.0,0.0,6.0,1360.8
1.0,1365.0,1556.0,0.0,12.0,1071.2
1.0,1386.0,1575.0,0.0,19.0,28.4
1.0,1425.0,1591.0,0.0,30.0,49.4
1.0,1453.0,1602.0,0.0,40.0,157.8
1.0,1470.0,1630.0,0.0,50.0,525.2
1.0,1488.0,1656.0,0.0,60.0,827.0
1.0,1523.0,1676.0,0.0,70.0,1065.7
1.0,1559.0,1712.0,0.0,80.0,1394.3
1.0,1593.0,1750.0,0.0,90.0,1460.2
1.0,1633.0,1791.0,0.0,100.0,1420.1
1.0,1679.0,1835.0,0.0,110.0,1259.0
1.0,1727.0,1879.0,0.0,121.0,904.1
1.0,1775.0,1926.0,0.0,131.0,723.5
1.0,1821.0,1977.0,0.0,141.0,462.1
1.0,1873.0,2028.0,0.0,151.0,259.9
1.0,1926.0,2084.0,0.0,162.0,121.8
1.0,1981.0,2144.0,0.0,172.0,38.9
1.0,2041.0,2205.0,0.0,182.0,14.2
1.0,2103.0,2269.0,0.0,191.0,14.3
1.0,2165.0,2332.0,0.0,202.0,15.2
1.0,2229.0,2396.0,0.0,212.0,16.1
1.0,2299.0,2464.0,0.0,222.0,14.7
1.0,2372.0,2534.0,0.0,232.0,712.0
1.0,2444.0,2606.0,0.0,243.0,529.2
1.0,2514.0,2677.0,0.0,253.0,368.3
1.0,2585.0,2749.0,0.0,263.0,219.7
1.0,2660.0,2828.0,0.0,273.0,117.5
1.0,2737.0,2908.0,0.0,283.0,44.7
1.0,2813.0,2986.0,0.0,293.0,12.0
1.0,2893.0,3068.0,0.0,303.0,13.4
1.0,2975.0,3152.0,0.0,313.0,14.0
1.0,3060.0,3235.0,0.0,323.0,13.2
1.0,3142.0,3317.0,0.0,334.0,15.6
1.0,3225.0,3402.0,0.0,344.0,19.3
1.0,3311.0,3491.0,0.0,354.0,17.8
1.0,3400.0,3578.0,0.0,364.0,23.2
1.0,3492.0,3667.0,0.0,375.0,39.5
1.0,3585.0,3761.0,0.0,385.0,132.9
1.0,3681.0,3857.0,0.0,395.0,379.3
1.0,3774.0,3949.0,0.0,404.0,576.8
1.0,3866.0,4043.0,0.0,415.0,844.7
1.0,3961.0,4140.0,0.0,425.0,959.3
1.0,4059.0,4235.0,0.0,435.0,1059.4
1.0,4158.0,4333.0,0.0,445.0,917.0
1.0,4259.0,4435.0,0.0,456.0,794.4
1.0,4360.0,4538.0,0.0,466.0,574.7
1.0,4461.0,4642.0,0.0,476.0,20.9
1.0,4564.0,4748.0,0.0,486.0,31.0
1.0,4665.0,4852.0,0.0,496.0,84.3
1.0,4769.0,4956.0,0.0,506.0,307.6
1.0,4877.0,5064.0,0.0,516.0,511.7
1.0,4984.0,5172.0,0.0,526.0,762.2
1.0,5089.0,5281.0,0.0,536.0,832.8
1.0,5197.0,5392.0,0.0,547.0,1021.7
1.0,5308.0,5501.0,0.0,557.0,957.8
1.0,5421.0,5613.0,0.0,567.0,711.8
1.0,5535.0,5728.0,0.0,577.0,641.2
1.0,5649.0,5844.0,0.0,588.0,436.7
1.0,5762.0,5962.0,0.0,598.0,285.6
1.0,5877.0,6078.0,0.0,608.0,166.4
1.0,5997.0,6195.0,0.0,617.0,81.2
1.0,6117.0,6312.0,0.0,628.0,29.1
1.0,6237.0,6432.0,0.0,638.0,11.1
1.0,6354.0,6555.0,0.0,648.0,11.7
1.0,6475.0,6676.0,0.0,658.0,14.7
1.0,6601.0,6797.0,0.0,668.0,12.5
1.0,6728.0,6920.0,0.0,679.0,13.6
1.0,6853.0,7044.0,0.0,689.0,15.7
1.0,6977.0,7170.0,0.0,699.0,16.3
1.0,7100.0,7294.0,0.0,709.0,21.9
1.0,7227.0,7421.0,0.0,719.0,39.2
1.0,7354.0,7548.0,0.0,729.0,91.3
1.0,7479.0,7677.0,0.0,739.0,40.6
1.0,7603.0,7808.0,0.0,749.0,10.1
1.0,7731.0,7936.0,0.0,760.0,11.0
1.0,7860.0,8064.0,0.0,770.0,11.5
1.0,7988.0,8194.0,0.0,780.0,10.8
1.0,8115.0,8324.0,0.0,790.0,13.2
1.0,8241.0,8454.0,0.0,801.0,14.2
1.0,8373.0,8586.0,0.0,811.0,15.5
1.0,8507.0,8719.0,0.0,821.0,18.3
1.0,8641.0,8852.0,0.0,830.0,32.5
1.0,8773.0,8989.0,0.0,841.0,99.4
1.0,8905.0,9124.0,0.0,851.0,316.9
1.0,9041.0,9256.0,0.0,861.0,485.3
1.0,9181.0,9392.0,0.0,871.0,648.9
1.0,9317.0,9529.0,0.0,881.0,786.1
1.0,9451.0,9668.0,0.0,892.0,827.5
1.0,9587.0,9805.0,0.0,902.0,757.2
1.0,9727.0,9941.0,0.0,912.0,610.7
1.0,9865.0,10080.0,0.0,922.0,486.5
1.0,10001.0,10220.0,0.0,932.0,364.7
1.0,10138.0,10358.0,0.0,942.0,241.5
1.0,10277.0,10496.0,0.0,952.0,136.0
1.0,10416.0,10638.0,0.0,962.0,66.4
1.0,10555.0,10782.0,0.0,973.0,24.9
1.0,10691.0,10925.0,0.0,983.0,10.8
1.0,10829.0,11066.0,0.0,993.0,8.6
1.0,10969.0,11206.0,0.0,1003.0,11.7
1.0,11106.0,11348.0,0.0,1014.0,11.8
1.0,11243.0,11492.0,0.0,1024.0,11.1
1.0,11384.0,11636.0,0.0,1033.0,14.0
1.0,11527.0,11781.0,0.0,1043.0,16.9
1.0,11669.0,11927.0,0.0,1054.0,20.8
1.0,11810.0,12073.0,0.0,1064.0,41.4
1.0,11953.0,12218.0,0.0,1074.0,159.4
1.0,12097.0,12361.0,0.0,1084.0,352.3
1.0,12243.0,12506.0,0.0,1094.0,535.8
1.0,12385.0,12653.0,0.0,1105.0,714.9
1.0,12531.0,12802.0,0.0,1115.0,789.5
1.0,12679.0,12952.0,0.0,1125.0,11.1
1.0,12825.0,13100.0,0.0,1135.0,12.3
1.0,12971.0,13248.0,0.0,1145.0,14.3
1.0,13116.0,13396.0,0.0,1155.0,15.1
1.0,13265.0,13547.0,0.0,1165.0,19.5
1.0,13414.0,13700.0,0.0,1175.0,32.4
1.0,13562.0,13853.0,0.0,1186.0,121.8
1.0,13711.0,14004.0,0.0,1196.0,317.5
1.0,13863.0,14157.0,0.0,1206.0,473.0
1.0,14014.0,14310.0,0.0,1216.0,600.0
1.0,14163.0,14461.0,0.0,1227.0,744.3
1.0,14311.0,14613.0,0.0,1237.0,912.2
1.0,14463.0,14766.0,0.0,1247.0,671.1
1.0,14615.0,14922.0,0.0,1256.0,594.9
1.0,14765.0,15078.0,0.0,1267.0,520.9
1.0,14914.0,15231.0,0.0,1277.0,338.1
1.0,15066.0,15384.0,0.0,1287.0,200.1
1.0,15219.0,15540.0,0.0,1297.0,119.8
1.0,15369.0,15695.0,0.0,1307.0,58.8
1.0,15519.0,15849.0,0.0,1318.0,18.9
1.0,15673.0,16004.0,0.0,1328.0,10.7
1.0,15829.0,16159.0,0.0,1338.0,9.1
1.0,15985.0,16313.0,0.0,1348.0,11.1
1.0,16139.0,16467.0,0.0,1358.0,11.5
1.0,16293.0,16624.0,0.0,1368.0,11.5
1.0,16449.0,16782.0,0.0,1378.0,13.5
1.0,16605.0,16940.0,0.0,1388.0,16.0
1.0,16757.0,17096.0,0.0,1399.0,21.8
1.0,16912.0,17253.0,0.0,1409.0,47.2
1.0,17067.0,17410.0,0.0,1419.0,174.0
1.0,17220.0,17565.0,0.0,1429.0,370.8
1.0,17375.0,17723.0,0.0,1440.0,10.5
1.0,17533.0,17883.0,0.0,1450.0,10.8
1.0,17691.0,18044.0,0.0,1459.0,11.8
1.0,17848.0,18203.0,0.0,1469.0,11.1
1.0,18006.0,18362.0,0.0,1480.0,11.9
1.0,18168.0,18523.0,0.0,1490.0,13.1
1.0,18329.0,18684.0,0.0,1500.0,14.7
1.0,18489.0,18844.0,0.0,1510.0,19.5
1.0,18650.0,19006.0,0.0,1520.0,34.6
1.0,18813.0,19167.0,0.0,1531.0,136.2
1.0,18977.0,19330.0,0.0,1541.0,329.7
1.0,19139.0,19493.0,0.0,1551.0,476.2
1.0,1457.0,1618.0,0.0,0.0,1464.5
1.0,1460.0,1620.0,0.0,6.0,1676.6
1.0,1468.0,1628.0,0.0,12.0,1723.3
1.0,1480.0,1644.0,0.0,18.0,1739.2
1.0,1496.0,1671.0,0.0,29.0,1541.4
1.0,1515.0,1688.0,0.0,39.0,1341.1
1.0,1533.0,1706.0,0.0,49.0,26.2
1.0,1552.0,1731.0,0.0,59.0,33.3
1.0,1582.0,1756.0,0.0,70.0,69.1
1.0,1612.0,1790.0,0.0,80.0,309.6
1.0,1648.0,1832.0,0.0,90.0,655.9
1.0,1688.0,1872.0,0.0,100.0,854.7
1.0,1732.0,1917.0,0.0,111.0,1156.3
1.0,1780.0,1964.0,0.0,120.0,1384.6
1.0,1828.0,2014.0,0.0,130.0,1276.4
1.0,1879.0,2065.0,0.0,140.0,1143.8
1.0,1934.0,2120.0,0.0,150.0,966.5
1.0,1991.0,2180.0,0.0,161.0,668.7
1.0,2053.0,2240.0,0.0,171.0,477.0
1.0,2116.0,2300.0,0.0,181.0,276.6
1.0,2180.0,2363.0,0.0,191.0,166.1
1.0,2243.0,2428.0,0.0,202.0,62.2
1.0,2308.0,2497.0,0.0,212.0,20.7
1.0,2376.0,2567.0,0.0,222.0,16.3
1.0,2448.0,2637.0,0.0,231.0,14.3
1.0,2520.0,2713.0,0.0,242.0,13.8
1.0,2593.0,2792.0,0.0,252.0,17.2
1.0,2672.0,2870.0,0.0,262.0,16.9
1.0,2750.0,2947.0,0.0,272.0,631.7
1.0,2827.0,3024.0,0.0,283.0,447.6
1.0,2904.0,3102.0,0.0,293.0,272.7
1.0,2985.0,3184.0,0.0,303.0,168.5
1.0,3068.0,3268.0,0.0,313.0,73.1
1.0,3152.0,3355.0,0.0,324.0,21.7
1.0,3236.0,3442.0,0.0,334.0,12.5
1.0,3324.0,3532.0,0.0,343.0,10.5
1.0,3413.0,3622.0,0.0,353.0,13.7
1.0,3500.0,3712.0,0.0,363.0,16.3
1.0,3588.0,3801.0,0.0,374.0,14.9
1.0,3681.0,3894.0,0.0,384.0,16.8
1.0,3776.0,3989.0,0.0,394.0,21.5
1.0,3873.0,4085.0,0.0,404.0,27.7
1.0,3972.0,4181.0,0.0,415.0,58.8
1.0,4071.0,4278.0,0.0,425.0,245.2
1.0,4168.0,4376.0,0.0,435.0,475.1
1.0,4266.0,4475.0,0.0,444.0,730.9
1.0,4367.0,4580.0,0.0,455.0,808.3
1.0,4469.0,4683.0,0.0,465.0,974.1
1.0,4572.0,4787.0,0.0,475.0,1057.0
1.0,4674.0,4893.0,0.0,485.0,781.5
1.0,4778.0,4998.0,0.0,496.0,734.4
1.0,4884.0,5102.0,0.0,506.0,474.3
1.0,4988.0,5210.0,0.0,516.0,363.3
1.0,5095.0,5319.0,0.0,526.0,45.7
1.0,5205.0,5428.0,0.0,537.0,172.6
1.0,5316.0,5540.0,0.0,547.0,446.4
1.0,5425.0,5651.0,0.0,556.0,585.1
1.0,5536.0,5765.0,0.0,566.0,732.8
1.0,5648.0,5879.0,0.0,576.0,938.1
1.0,5761.0,5992.0,0.0,587.0,1024.8
1.0,5877.0,6109.0,0.0,597.0,795.9
1.0,5993.0,6226.0,0.0,607.0,665.9
1.0,6108.0,6344.0,0.0,617.0,545.8
1.0,6223.0,6464.0,0.0,628.0,360.3
1.0,6341.0,6583.0,0.0,638.0,212.8
1.0,6464.0,6702.0,0.0,648.0,114.3
1.0,6584.0,6824.0,0.0,657.0,52.0
1.0,6704.0,6947.0,0.0,668.0,17.9
1.0,6828.0,7070.0,0.0,678.0,10.8
1.0,6955.0,7192.0,0.0,688.0,11.6
1.0,7083.0,7315.0,0.0,698.0,12.2
1.0,7208.0,7440.0,0.0,709.0,16.2
1.0,7332.0,7565.0,0.0,719.0,14.0
1.0,7456.0,7693.0,0.0,729.0,15.6
1.0,7581.0,7820.0,0.0,739.0,19.5
1.0,7708.0,7947.0,0.0,750.0,26.4
1.0,7836.0,8075.0,0.0,759.0,63.6
1.0,7962.0,8205.0,0.0,769.0,248.6
1.0,8090.0,8335.0,0.0,779.0,444.0
1.0,8219.0,8464.0,0.0,789.0,629.3
1.0,8347.0,8593.0,0.0,800.0,9.6
1.0,8476.0,8721.0,0.0,810.0,12.5
1.0,8603.0,8852.0,0.0,820.0,12.7
1.0,8734.0,8986.0,0.0,830.0,11.3
1.0,8868.0,9118.0,0.0,841.0,14.2
1.0,9002.0,9251.0,0.0,851.0,17.1
1.0,9134.0,9387.0,0.0,861.0,23.0
1.0,9266.0,9523.0,0.0,870.0,47.7
1.0,9402.0,9657.0,0.0,881.0,186.3
1.0,9538.0,9790.0,0.0,891.0,397.3
1.0,9673.0,9926.0,0.0,901.0,601.7
1.0,9806.0,10063.0,0.0,911.0,759.4
1.0,9942.0,10199.0,0.0,922.0,854.2
1.0,10080.0,10332.0,0.0,932.0,918.0
1.0,10218.0,10468.0,0.0,942.0,790.1
1.0,10352.0,10608.0,0.0,952.0,613.7
1.0,10488.0,10748.0,0.0,963.0,457.3
1.0,10624.0,10888.0,0.0,972.0,316.2
1.0,10762.0,11027.0,0.0,982.0,196.0
1.0,10900.0,11165.0,0.0,992.0,104.6
1.0,11035.0,11304.0,0.0,1002.0,44.0
1.0,11171.0,11444.0,0.0,1013.0,14.2
1.0,11307.0,11584.0,0.0,1023.0,11.6
1.0,11442.0,11724.0,0.0,1033.0,10.9
1.0,11578.0,11867.0,0.0,1043.0,12.4
1.0,11716.0,12008.0,0.0,1054.0,14.1
1.0,11856.0,12150.0,0.0,1064.0,13.3
1.0,11998.0,12290.0,0.0,1074.0,12.2
1.0,12137.0,12432.0,0.0,1083.0,18.5
1.0,12276.0,12575.0,0.0,1094.0,26.7
1.0,12419.0,12717.0,0.0,1104.0,66.3
1.0,12562.0,12860.0,0.0,1114.0,268.9
1.0,12702.0,13003.0,0.0,1124.0,497.7
1.0,12843.0,13148.0,0.0,1135.0,631.2
1.0,12988.0,13292.0,0.0,1145.0,734.5
1.0,13132.0,13438.0,0.0,1155.0,789.4
1.0,13274.0,13584.0,0.0,1165.0,763.1
1.0,13416.0,13732.0,0.0,1176.0,663.2
1.0,13560.0,13880.0,0.0,1185.0,535.1
1.0,13708.0,14029.0,0.0,1195.0,16.8
1.0,13854.0,14177.0,0.0,1205.0,22.9
1.0,13997.0,14324.0,0.0,1215.0,52.3
1.0,14144.0,14473.0,0.0,1226.0,206.4
1.0,14292.0,14623.0,0.0,1236.0,420.5
1.0,14439.0,14773.0,0.0,1246.0,547.4
1.0,14583.0,14922.0,0.0,1256.0,677.5
1.0,14731.0,15069.0,0.0,1267.0,766.5
1.0,14880.0,15217.0,0.0,1277.0,813.8
1.0,15028.0,15368.0,0.0,1286.0,697.8
1.0,15171.0,15517.0,0.0,1296.0,589.8
1.0,15316.0,15666.0,0.0,1307.0,420.8
1.0,15465.0,15817.0,0.0,1317.0,288.7
1.0,15612.0,15968.0,0.0,1327.0,186.9
1.0,15759.0,16118.0,0.0,1337.0,94.1
1.0,15907.0,16268.0,0.0,1348.0,36.7
1.0,16059.0,16418.0,0.0,1358.0,12.9
1.0,16211.0,16571.0,0.0,1368.0,10.5
1.0,16360.0,16722.0,0.0,1378.0,10.8
1.0,16512.0,16872.0,0.0,1389.0,10.0
1.0,16662.0,17024.0,0.0,1398.0,11.9
1.0,16813.0,17176.0,0.0,1408.0,13.1
1.0,16961.0,17328.0,0.0,1418.0,12.0
1.0,17108.0,17479.0,0.0,1428.0,17.7
1.0,17260.0,17631.0,0.0,1439.0,27.4
1.0,17410.0,17785.0,0.0,1449.0,72.7
1.0,17560.0,17940.0,0.0,1459.0,266.4
1.0,17712.0,18095.0,0.0,1469.0,461.1
1.0,17865.0,18250.0,0.0,1480.0,552.6
1.0,18020.0,18406.0,0.0,1490.0,710.2
1.0,18172.0,18561.0,0.0,1499.0,11.0
1.0,18324.0,18715.0,0.0,1509.0,13.5
1.0,18480.0,18871.0,0.0,1520.0,12.1
1.0,18636.0,19027.0,0.0,1530.0,14.1
1.0,18792.0,19183.0,0.0,1540.0,17.8
1.0,1462.0,1612.0,0.0,0.0,1454.6
1.0,1463.0,1614.0,0.0,6.0,1420.6
1.0,1471.0,1623.0,0.0,12.0,1204.7
1.0,1487.0,1638.0,0.0,18.0,1066.7
1.0,1521.0,1656.0,0.0,28.0,686.7
1.0,1544.0,1672.0,0.0,38.0,510.6
1.0,1561.0,1695.0,0.0,49.0,301.9
1.0,1588.0,1716.0,0.0,59.0,708.9
1.0,1614.0,1742.0,0.0,69.0,1098.7
1.0,1648.0,1775.0,0.0,79.0,1155.6
1.0,1688.0,1816.0,0.0,90.0,1560.4
1.0,1728.0,1859.0,0.0,100.0,1410.3
1.0,1774.0,1907.0,0.0,110.0,1086.1
1.0,1822.0,1960.0,0.0,119.0,1166.2
1.0,1869.0,2011.0,0.0,130.0,750.9
1.0,1920.0,2061.0,0.0,140.0,477.4
1.0,1974.0,2114.0,0.0,150.0,278.4
1.0,2032.0,2170.0,0.0,160.0,129.6
1.0,2094.0,2230.0,0.0,171.0,55.4
1.0,2161.0,2296.0,0.0,181.0,14.1
1.0,2226.0,2365.0,0.0,191.0,14.1
1.0,2292.0,2432.0,0.0,201.0,14.8
1.0,2361.0,2500.0,0.0,212.0,15.1
1.0,2432.0,2574.0,0.0,222.0,15.5
1.0,2502.0,2649.0,0.0,231.0,16.6
1.0,2574.0,2723.0,0.0,241.0,18.0
1.0,2649.0,2796.0,0.0,251.0,18.8
1.0,2728.0,2874.0,0.0,262.0,36.2
1.0,2809.0,2955.0,0.0,272.0,112.5
1.0,2889.0,3037.0,0.0,282.0,380.4
1.0,2970.0,3120.0,0.0,292.0,18.6
1.0,3054.0,3206.0,0.0,303.0,15.1
1.0,3138.0,3292.0,0.0,313.0,12.8
1.0,3222.0,3376.0,0.0,323.0,14.3
1.0,3307.0,3463.0,0.0,332.0,15.4
1.0,3396.0,3555.0,0.0,343.0,16.0
1.0,3487.0,3649.0,0.0,353.0,16.9
1.0,3579.0,3740.0,0.0,363.0,19.8
1.0,3673.0,3834.0,0.0,373.0,34.1
1.0,3766.0,3931.0,0.0,384.0,71.2
1.0,3860.0,4026.0,0.0,394.0,298.6
1.0,3957.0,4120.0,0.0,404.0,487.4
1.0,4056.0,4220.0,0.0,414.0,781.6
1.0,4158.0,4322.0,0.0,424.0,820.1
1.0,4262.0,4427.0,0.0,435.0,1043.0
1.0,4365.0,4530.0,0.0,444.0,912.9
1.0,4467.0,4633.0,0.0,454.0,863.4
1.0,4570.0,4737.0,0.0,464.0,620.6
1.0,4674.0,4844.0,0.0,475.0,452.5
1.0,4782.0,4952.0,0.0,485.0,315.5
1.0,4890.0,5061.0,0.0,495.0,178.6
1.0,4998.0,5172.0,0.0,505.0,100.1
1.0,5109.0,5284.0,0.0,516.0,36.2
1.0,5222.0,5396.0,0.0,526.0,9.8
1.0,5333.0,5511.0,0.0,536.0,11.3
1.0,5446.0,5627.0,0.0,545.0,964.6
1.0,5562.0,5744.0,0.0,556.0,886.9
1.0,5676.0,5860.0,0.0,566.0,770.8
1.0,5793.0,5978.0,0.0,576.0,684.8
1.0,5910.0,6098.0,0.0,586.0,515.7
1.0,6030.0,6217.0,0.0,597.0,319.0
1.0,6150.0,6339.0,0.0,607.0,204.8
1.0,6270.0,6462.0,0.0,617.0,113.3
1.0,6393.0,6586.0,0.0,627.0,41.3
1.0,6516.0,6712.0,0.0,637.0,15.0
1.0,6640.0,6838.0,0.0,648.0,13.2
1.0,6767.0,6964.0,0.0,657.0,11.5
1.0,6894.0,7091.0,0.0,667.0,11.6
1.0,7024.0,7219.0,0.0,677.0,13.4
1.0,7154.0,7349.0,0.0,688.0,14.1
1.0,7286.0,7481.0,0.0,698.0,15.5
1.0,7418.0,7613.0,0.0,708.0,18.3
1.0,7550.0,7744.0,0.0,718.0,28.1
1.0,7684.0,7876.0,0.0,729.0,71.1
1.0,7817.0,8010.0,0.0,739.0,260.2
1.0,7950.0,8144.0,0.0,749.0,448.5
1.0,8082.0,8280.0,0.0,758.0,600.7
1.0,8218.0,8417.0,0.0,769.0,739.7
1.0,8352.0,8552.0,0.0,779.0,855.8
1.0,8488.0,8689.0,0.0,789.0,830.5
1.0,8623.0,8828.0,0.0,799.0,12.7
1.0,8758.0,8966.0,0.0,810.0,13.8
1.0,8897.0,9102.0,0.0,820.0,17.2
1.0,9035.0,9242.0,0.0,830.0,23.9
1.0,9176.0,9383.0,0.0,840.0,52.0
1.0,9316.0,9524.0,0.0,850.0,216.8
1.0,9457.0,9666.0,0.0,861.0,386.0
1.0,9599.0,9808.0,0.0,870.0,573.0
1.0,9742.0,9952.0,0.0,880.0,729.5
1.0,9887.0,10096.0,0.0,890.0,884.8
1.0,10032.0,10238.0,0.0,901.0,835.5
1.0,10176.0,10382.0,0.0,911.0,705.6
1.0,10319.0,10528.0,0.0,921.0,565.4
1.0,10465.0,10676.0,0.0,931.0,398.6
1.0,10610.0,10823.0,0.0,942.0,273.5
1.0,10755.0,10968.0,0.0,952.0,194.9
1.0,10898.0,11115.0,0.0,962.0,97.0
1.0,11042.0,11263.0,0.0,971.0,35.4
1.0,11190.0,11412.0,0.0,982.0,12.5
1.0,11336.0,11560.0,0.0,992.0,12.9
1.0,11479.0,11709.0,0.0,1002.0,10.9
1.0,11623.0,11858.0,0.0,1012.0,8.5
1.0,11769.0,12007.0,0.0,1023.0,12.1
1.0,11915.0,12154.0,0.0,1033.0,13.3
1.0,12062.0,12305.0,0.0,1043.0,13.7
1.0,12210.0,12456.0,0.0,1053.0,18.1
1.0,12360.0,12606.0,0.0,1063.0,30.2
1.0,12510.0,12756.0,0.0,1074.0,84.8
1.0,12657.0,12907.0,0.0,1083.0,279.8
1.0,12806.0,13056.0,0.0,1093.0,426.3
1.0,12958.0,13207.0,0.0,1103.0,575.3
1.0,13108.0,13359.0,0.0,1114.0,766.3
1.0,13258.0,13514.0,0.0,1124.0,845.1
1.0,13410.0,13669.0,0.0,1134.0,733.4
1.0,13564.0,13825.0,0.0,1144.0,644.4
1.0,13715.0,13980.0,0.0,1155.0,508.0
1.0,13866.0,14135.0,0.0,1165.0,347.1
1.0,14021.0,14290.0,0.0,1175.0,217.3
1.0,14176.0,14448.0,0.0,1184.0,62.1
1.0,14328.0,14606.0,0.0,1195.0,219.1
1.0,14483.0,14764.0,0.0,1205.0,422.4
1.0,14640.0,14921.0,0.0,1215.0,591.6
1.0,14798.0,15077.0,0.0,1225.0,654.4
1.0,14951.0,15233.0,0.0,1236.0,763.5
1.0,15106.0,15389.0,0.0,1246.0,836.6
1.0,15262.0,15546.0,0.0,1256.0,633.0
1.0,15418.0,15703.0,0.0,1266.0,525.3
1.0,15570.0,15860.0,0.0,1276.0,398.2
1.0,15724.0,16017.0,0.0,1286.0,249.0
1.0,15882.0,16174.0,0.0,1296.0,148.7
1.0,16040.0,16333.0,0.0,1306.0,81.8
1.0,16197.0,16492.0,0.0,1316.0,29.4
1.0,16355.0,16651.0,0.0,1327.0,11.7
1.0,16514.0,16808.0,0.0,1337.0,10.4
1.0,16673.0,16965.0,0.0,1347.0,10.8
1.0,16828.0,17122.0,0.0,1357.0,8.9
1.0,16984.0,17279.0,0.0,1368.0,11.9
1.0,17143.0,17437.0,0.0,1378.0,12.7
1.0,17302.0,17598.0,0.0,1388.0,12.5
1.0,17458.0,17760.0,0.0,1397.0,18.5
1.0,17614.0,17921.0,0.0,1408.0,29.5
1.0,17772.0,18082.0,0.0,1418.0,100.4
1.0,17931.0,18243.0,0.0,1428.0,271.3
1.0,18090.0,18405.0,0.0,1438.0,446.9
1.0,18248.0,18567.0,0.0,1448.0,671.0
1.0,18410.0,18729.0,0.0,1459.0,719.1
1.0,18570.0,18892.0,0.0,1469.0,819.8
1.0,18732.0,19054.0,0.0,1479.0,678.8
1.0,18894.0,19216.0,0.0,1489.0,598.2
1.0,19058.0,19378.0,0.0,1499.0,13.6
1.0,19224.0,19542.0,0.0,1509.0,18.0
1.0,19388.0,19706.0,0.0,1519.0,25.5
1.0,19552.0,19871.0,0.0,1529.0,67.6
0.0,1362.0,1589.0,0.0,1782.0,7.2
Charge1,Charge2,Charge3,Charge4,Charge5,Average Charge
26.753763099999993,29.361565900000002,26.43165730000001,32.740981500000004,35.26971189999998,30.11153594
